<?xml version="1.0" encoding="UTF-8"?>
<project-private xmlns="http://www.netbeans.org/ns/project-private/1">
    <editor-bookmarks xmlns="http://www.netbeans.org/ns/editor-bookmarks/2" lastBookmarkId="0"/>
    <open-files xmlns="http://www.netbeans.org/ns/projectui-open-files/2">
        <group>
            <file>file:/C:/Users/Ziliang/Desktop/Me2U/src/view/NewsPanel.java</file>
            <file>file:/C:/Users/Ziliang/Desktop/Me2U/src/view/AdminHomePage.java</file>
            <file>file:/C:/Users/Ziliang/Desktop/Me2U/src/model/Inventory.java</file>
            <file>file:/C:/Users/Ziliang/Desktop/Me2U/src/model/CarePackage.java</file>
            <file>file:/C:/Users/Ziliang/Desktop/Me2U/src/controller/RecipientController.java</file>
            <file>file:/C:/Users/Ziliang/Desktop/Me2U/src/view/RecipientView.java</file>
            <file>file:/C:/Users/Ziliang/Desktop/Me2U/src/view/MostNeededItemPanel.java</file>
            <file>file:/C:/Users/Ziliang/Desktop/Me2U/src/controller/DonorController.java</file>
            <file>file:/C:/Users/Ziliang/Desktop/Me2U/src/view/DonorView.java</file>
            <file>file:/C:/Users/Ziliang/Desktop/Me2U/src/model/Cart.java</file>
            <file>file:/C:/Users/Ziliang/Desktop/Me2U/src/controller/LoginController.java</file>
            <file>file:/C:/Users/Ziliang/Desktop/Me2U/src/model/Me2Umodel.java</file>
        </group>
    </open-files>
</project-private>
