<?xml version="1.0" encoding="UTF-8"?>
<project-private xmlns="http://www.netbeans.org/ns/project-private/1">
    <editor-bookmarks xmlns="http://www.netbeans.org/ns/editor-bookmarks/2" lastBookmarkId="0"/>
    <open-files xmlns="http://www.netbeans.org/ns/projectui-open-files/2">
        <group>
            <file>file:/F:/Documents/Fall%202016/Me2U/src/controller/Me2UController.java</file>
            <file>file:/F:/Documents/Fall%202016/Me2U/src/controller/RegisterController.java</file>
            <file>file:/F:/Documents/Fall%202016/Me2U/src/model/UserList.java</file>
            <file>file:/F:/Documents/Fall%202016/Me2U/src/me2u/Me2U.java</file>
            <file>file:/F:/Documents/Fall%202016/Me2U/src/model/User.java</file>
        </group>
    </open-files>
</project-private>
